{"cameraMode":{"drawMode":0,"name":"Shaded","section":"Shading Mode"},"sceneLighting":true,"audioPlay":false,"sceneViewState":{"showFog":true,"showMaterialUpdate":false,"showSkybox":true,"showFlares":true,"showImageEffects":true,"showParticleSystems":true},"in2DMode":false,"pivot":{"x":45.86591720581055,"y":-49.839385986328128,"z":-150.3238525390625},"rotation":{"x":-0.023071693256497384,"y":-0.9768922924995422,"z":0.15454158186912538,"w":-0.1458488553762436},"size":84.96176147460938,"orthographic":false}