{"cameraMode":{"drawMode":0,"name":"Shaded","section":"Shading Mode"},"sceneLighting":false,"audioPlay":false,"sceneViewState":{"showFog":true,"showMaterialUpdate":false,"showSkybox":false,"showFlares":true,"showImageEffects":true,"showParticleSystems":true},"in2DMode":false,"pivot":{"x":-16.293214797973634,"y":1.6677695512771607,"z":-14.680159568786621},"rotation":{"x":-0.27047210931777956,"y":0.6539813876152039,"z":-0.27111807465553286,"w":-0.6524205207824707},"size":1.6089894771575928,"orthographic":false}